"","Station","Sample","Filter","Photo","Type","Type2","Colour","Colour2","Colour3","Colour4","Col.Type","Length","Width","Area","Perimeter","Perimeter.2","Possible.contamination","Comments","SizeClass"
"1","901","A",1,9,"Paint",,"blue","grey",,,"blend",192.53,83.54,12579,"488.04",,"paint from boat?",,"medium"
"2","901","A",1,10,"Paint",,"blue",,,,,49.02,20.57,1775,"149",,"paint from boat?",,"small"
"3","901","A",1,8,"Fibre",,"brown",,,,,1886.4,9.94,,,,,,"large"
"4","901","A",1,7,"Fibre",,"purple",,,,,873.05,10.54,,,,,,"large"
"5","901","A",1,3,"Fibre",,"transparent",,,,,1185,12.67,,,,,,"large"
"6","901","B",2,2,"Fibre",,"brown",,,,,3007,14.36,,,,,,"large"
"7","901","B",2,1,"Fibre",,"green",,,,"light",2738.97,313.21,867007.01,"6111.1",,"Piece of rope?",,"large"
"8","901","C",3,0,"Fibre",,"black",,,,,1085.82,21.56,,,,,,"large"
"9","901","C",3,0,"Fibre",,"black",,,,,5332.5,21.56,,,,,,"large"
"10","901","C",3,1,"Fibre",,"black",,,,,1784.05,14.49,,,,,,"large"
"11","901","C",3,2,"Fibre",,"black",,,,,1197.24,3.12,,,,,,"large"
"12","901","C",3,6,"Fibre",,"blue",,,,,462.47,9,,,,,,"large"
"13","901","C",3,8,"Fibre",,"blue",,,,,513.74,22.96,,,,,,"large"
"14","901","C",3,9,"Fibre",,"blue",,,,,414.51,38.96,,,,,,"large"
"15","901","C",3,10,"Fibre",,"blue",,,,,1312.4,17.84,,,,,,"large"
"16","901","C",3,7,"Fragment",,"blue",,,,,252.49,81.05,13058.68,"605.92",,"Piece of buffer bottle?",,"medium"
"17","901","C",3,3,"Paint",,"blue",,,,,88.22,34.83,1111.37,"238.8",,"paint from boat?",,"small"
"18","901","C",3,5,"Paint",,"blue",,,,,178.72,343.84,35497.35,"965.54",,"paint from boat?",,"medium"
"19","901","C",3,2,"Fibre",,"green",,,,"light",240,66.97,,,,"Piece of rope?",,"medium"
"20","901","C",3,2,"Fibre",,"green",,,,"light",163.49,85.65,,,,"Piece of rope?",,"medium"
"21","901","C",3,4,"Fibre",,"purple",,,,,354.82,3.12,,,,,,"large"
"22","902","A",4,1,"Fibre",,"green",,,,"light",3915.47,43.02,,,,"Piece of rope?",,"large"
"23","902","A",4,0,"Fibre",,"purple",,,,,451.29,11.3,,,,,,"large"
"24","902","B",5,0,"Fibre",,"black",,,,,372.78,6.35,,,,,,"large"
"25","902","B",5,1,"Fibre",,"white",,,,,1439.19,113.68,,,,,,"large"
"26","902","C",6,,,,,,,,,,,,,,,"Nothing found",
"27","903","A",7,0,"Fragment",,"transparent","blue",,,"spotted",608.48,191.43,104489.44,"657.3",,"Piece of buffer bottle?",,"large"
"28","903","A",7,1,"Fragment",,"transparent","blue",,,"spotted",868.33,189.09,135662.17,"842.3",,"Piece of buffer bottle?",,"large"
"29","903","A",7,2,"Fragment",,"transparent","blue",,,"spotted",1110.83,207.62,243155.38,"645.26",,"Piece of buffer bottle?",,"large"
"30","903","B",8,1,"Fibre",,"blue",,,,,2158.25,20.6,,,,,,"large"
"31","903","B",8,3,"Fibre",,"brown",,,,,673.35,11.43,,,,,,"large"
"32","903","B",8,2,"Fibre",,"purple",,,,"light",1087.49,12.83,,,,,,"large"
"33","903","B",8,0,"Fibre",,"transparent",,,,,1661.13,5.71,,,,,,"large"
"34","903","C",9,0,"Fibre",,"brown",,,,,887.05,8.15,,,,,,"large"
"35","903","C",9,1,"Fibre",,"brown",,,,,574.15,10.39,,,,,,"large"
"36","904","A",10,0,"Fibre",,"transparent","blue",,,"sectioned",942.1,9.27,,,,,"often observed","large"
"37","904","B",11,2,"Fibre",,"blue",,,,,433.41,19.1,,,,,"often observed","large"
"38","904","B",11,0,"Fibre",,"transparent","blue",,,"sectioned",1781,12.08,,,,,"often observed","large"
"39","904","B",11,4,"Fibre",,"transparent","blue",,,"sectioned",1889.24,16.27,,,,,"often observed","large"
"40","904","B",11,5,"Fibre",,"transparent","blue",,,"sectioned",890.95,12.18,,,,,"often observed","large"
"41","904","B",11,6,"Fibre",,"transparent","blue",,,"sectioned",2846.56,9.67,,,,,"often observed","large"
"42","904","C",12,0,"Fibre",,"brown",,,,,385.18,14.88,,,,,,"large"
"43","904","C",12,2,"Fibre",,"brown",,,,,774.53,13.76,,,,,,"large"
"44","904","C",12,1,"Fibre",,"purple",,,,,1182.18,5.26,,,,,,"large"
"45","905","A",13,,,,,,,,,,,,,,,"Nothing found",
"46","905","B",14,,,,,,,,,,,,,,,"Nothing found",
"47","905","C",15,,,,,,,,,,,,,,,"Nothing found",
"48","906","A",16,5,"Fibre",,"blue",,,,"light",516.33,12.12,,,,,,"large"
"49","906","A",16,6,"Fibre",,"green",,,,"light",396.95,31.49,,,,"Piece of rope?",,"large"
"50","906","A",16,3,"Fibre",,"grey",,,,,1020.68,12.18,,,,,,"large"
"51","906","A",16,2,"Fibre",,"purple",,,,,256.01,7.04,,,,,"Same as St906-A 01","medium"
"52","906","A",16,0,"Fibre",,"purple",,,,,258.94,20.38,,,,,,"medium"
"53","906","A",16,1,"Fibre",,"purple",,,,,397.93,10.55,,,,,,"large"
"54","906","A",16,4,"Fibre",,"purple",,,,,429.08,10.1,,,,,,"large"
"55","906","A",16,7,"Fibre",,"purple",,,,,406.76,31.1,,,,,,"large"
"56","906","B",17,1,"Fibre",,"black",,,,,809.4,7.14,,,,,,"large"
"57","906","B",17,0,"Fibre",,"green",,,,"light",179.49,115.59,199.79,"179.47",,"Piece of rope?",,"medium"
"58","906","C",18,0,"Fibre",,"black",,,,,2224.38,11.71,,,,,,"large"
"59","906","C",18,1,"Fibre",,"black",,,,,1001.28,5.28,,,,,,"large"
"60","906","C",18,2,"Fibre",,"black",,,,,328.62,25.87,,,,,,"medium"
"61","906","C",18,3,"Fibre",,"black",,,,,432.68,4.68,,,,,,"large"
"62","906","C",18,4,"Fibre",,"transparent","blue",,,"sectioned",690.81,9.37,,,,,"often observed","large"
"63","907","A",19,1,"Fibre",,"green",,,,"light",1540.15,54.47,,,,"Piece of rope?",,"large"
"64","907","A",19,0,"Fibre",,"green",,,,"light",1071.07,68.42,,,,"Piece of rope?",,"large"
"65","907","A",19,2,"Fibre",,"red",,,,"light",468.38,17.3,,,,,,"large"
"66","907","B",20,0,"Fragment",,"green",,,,"light",249.9,54.08,53.01,"54.08",,"piece of glass?",,"medium"
"67","907","C",21,0,"Fragment",,"white",,,,,390,320.14,125635.62,"1536.36",,"Piece of filter?",,"large"
"68","907","C",21,1,"Fragment",,"white",,,,,237.61,183.14,49841.21,"1026.26",,"Piece of filter?",,"medium"
"69","908","A",22,1,"Fibre",,"red",,,,"light",532.03,15.71,,,,,"like 907 A","large"
"70","908","A",22,0,"Fibre",,"transparent","blue",,,"sectioned",995.29,16.53,,,,,"often observed","large"
"71","908","A",22,2,"Fragment",,"white",,,,,1280.33,91.38,104038,"2848.23",,,,"large"
"72","908","B",23,2,"Fibre",,"blue",,,,,2200.91,6.97,,,,,,"large"
"73","908","B",23,2,"Fibre",,"blue",,,,,1513.96,6.97,,,,,,"large"
"74","908","B",23,3,"Fibre",,"blue",,,,,938.94,12.99,,,,,,"large"
"75","908","B",23,1,"Fragment",,"white",,,,,1086.36,90,66170.94,"2251.38",,,"Same as in St908-A 02","large"
"76","908","B",23,4,"Fragment",,"white",,,,,419.08,56.21,35273.76,"1200.09",,,"Same as in St908-A 02","large"
"77","908","C",24,0,"Fibre",,"black",,,,,4980.94,13.84,,,,,,"large"
"78","908","C",24,1,"Fibre",,"red",,,,,2767.09,11.2,,,,,,"large"
"79","908","C",24,2,"Fibre",,"red",,,,,932.26,22.14,,,,,,"large"
"80","909","A",25,5,"Fragment",,"black","transparent",,,"sectioned",335.35,38.94,32427.23,"1096.86",,,"Looks like rubber/often observed","medium"
"81","909","A",25,6,"Fragment",,"black","transparent",,,"sectioned",614.97,64.81,52713.66,"2269.14",,,"Looks like rubber/often observed","large"
"82","909","A",25,0,"Fibre",,"black",,,,,5299.13,14.86,,,,,,"large"
"83","909","A",25,3,"Fibre",,"black",,,,,682.83,9.97,,,,,,"large"
"84","909","A",25,7,"Fibre",,"blue",,,,,1701.44,17.4,,,,,,"large"
"85","909","A",25,1,"Fibre",,"transparent","blue",,,"sectioned",1405.56,17.4,,,,,"often observed","large"
"86","909","A",25,4,"Fibre",,"transparent","blue",,,"sectioned",2004.4,12.46,,,,,"often observed","large"
"87","909","A",25,2,"Fragment",,"transparent","blue",,,"spotted",353.64,154.87,51868.65,"943.48",,"Piece of buffer bottle?",,"large"
"88","909","B",26,0,"Fragment",,"black","transparent",,,"sectioned",664.68,366.77,225452.71,"3489.48",,,"Looks like rubber/often observed","large"
"89","909","B",26,4,"Fibre",,"black",,,,,588.78,31.75,,,,,,"large"
"90","909","B",26,2,"Fibre",,"brown",,,,,1014.46,14.27,,,,,,"large"
"91","909","B",26,1,"Fibre",,"transparent","blue",,,"sectioned",2015.33,14.35,,,,,"often observed","large"
"92","909","B",26,3,"Fibre",,"transparent","blue",,,"sectioned",2811.52,12.57,,,,,"often observed","large"
"93","909","C",27,1,"Fibre",,"blue",,,,,1722.02,10.42,,,,,,"large"
"94","909","C",27,0,"Fibre",,"brown",,,,,5434.15,15.59,,,,,,"large"
"95","909","C",27,2,"Fibre",,"brown",,,,,820.51,4.18,,,,,,"large"
"96","910","A",28,0,"Fibre",,"blue",,,,,1950.35,7.61,,,,,,"large"
"97","910","A",28,3,"Fibre",,"purple",,,,,669.05,7.37,,,,,,"large"
"98","910","A",28,7,"Fibre",,"purple",,,,,638.52,12.17,,,,,,"large"
"99","910","A",28,8,"Fibre",,"purple",,,,,941.32,7.61,,,,,,"large"
"100","910","A",28,9,"Fibre",,"purple",,,,,420.16,10.96,,,,,,"large"
"101","910","A",28,10,"Fibre",,"purple",,,,,1514.65,5.67,,,,,,"large"
"102","910","A",28,1,"Fibre",,"red",,,,,703.53,9.46,,,,,,"large"
"103","910","A",28,10,"Fibre",,"red",,,,,675.28,17.2,,,,,,"large"
"104","910","A",28,6,"Fragment",,"red",,,,,398.85,61.38,24097.02,"900.23",,,,"large"
"105","910","A",28,2,"Fibre",,"transparent","blue",,,"sectioned",1593.95,16.03,,,,,"often observed","large"
"106","910","A",28,10,"Fibre",,"transparent","blue",,,"sectioned",816.28,8.21,,,,,"often observed","large"
"107","910","B",29,2,"Fibre",,"black",,,,,1111.11,5.06,,,,,,"large"
"108","910","B",29,6,"Paint",,"blue",,,,,169.66,56.6,9076.55,"411.25",,"paint from boat?",,"medium"
"109","910","B",29,1,"Fibre",,"brown",,,,,633.24,11.96,,,,,"Looks a bit like a hair","large"
"110","910","B",29,0,"Fibre",,"brown",,,,,500.43,3.77,,,,,,"large"
"111","910","B",29,0,"Fibre",,"brown",,,,,1273.35,3.77,,,,,,"large"
"112","910","B",29,3,"Fibre",,"brown",,,,,610.25,2.53,,,,,,"large"
"113","910","B",29,4,"Fibre",,"brown",,,,,902.37,8.19,,,,,,"large"
"114","910","B",29,5,"Fibre",,"brown",,,,,355.41,5.66,,,,,,"large"
"115","910","B",29,8,"Fibre",,"red",,,,"light",2631.09,15.09,,,,,,"large"
"116","910","B",29,7,"Fibre",,"transparent","blue",,,"sectioned",1192.67,5.66,,,,,"often observed","large"
"117","910","B",29,7,"Fibre",,"transparent","blue",,,"sectioned",2834.35,11.37,,,,,"often observed","large"
"118","910","C",30,1,"Fibre",,"brown","black",,,,1010.94,3.9,,,,,,"large"
"119","910","C",30,2,"Fibre",,"brown","black",,,,1527.51,6.52,,,,,,"large"
"120","910","C",30,3,"Fibre",,"brown","black",,,,489.48,8.47,,,,,,"large"
"121","910","C",30,4,"Fibre",,"brown","black",,,,292.88,9.14,,,,,,"medium"
"122","910","C",30,0,"Paint",,,,,,,,,,,,"paint from boat?",,
"123","911","A",31,0,"Fragment",,"black","transparent",,,"sectioned",407.56,66.69,37252.23,"997.5",,,"Looks like rubber/often observed","large"
"124","911","A",31,1,"Fibre",,"blue",,,,,1176.64,6.5,,,,,,"large"
"125","911","A",31,3,"Fibre",,"purple",,,,,2287.41,15.61,,,,,,"large"
"126","911","A",31,2,"Fibre",,"transparent","blue",,,"sectioned",1049.64,13,,,,,"often observed","large"
"127","911","B",32,1,"Fragment",,"black","transparent",,,"sectioned",479.89,200.64,54301.12,"1459.94",,,"Looks like rubber/often observed","large"
"128","911","B",32,0,"Fragment",,"blue",,,,,243.02,31.89,10429.67,"608.42",,,,"medium"
"129","911","C",33,2,"Fibre",,"brown",,,,,485.77,7.79,,,,,,"large"
"130","911","C",33,0,"Fragment",,"purple",,,,,198.76,105.11,19508.29,"577.88",,,"Looks like glas/crystal","medium"
"131","911","C",33,3,"Fragment",,"purple",,,,,303.68,202.3,54063.92,"909.81",,,"Looks like glas/crystal","medium"
"132","912","A",35,0,"Fibre",,"black",,,,,1039.23,7.41,,,,,,"large"
"133","912","A",35,4,"Fibre",,"blue",,,,"light",2462.95,9.88,,,,,,"large"
"134","912","A",35,1,"Fibre",,"brown",,,,,890.22,6.99,,,,,,"large"
"135","912","A",35,3,"Fibre",,"brown",,,,,369.83,2.47,,,,,,"large"
"136","912","A",35,2,"Fibre",,"purple",,,,"light",997.14,8.04,,,,,,"large"
"137","912","B",36,,,,,,,,,,,,,,,"Nothing found",
"138","912","Blank",49,2,"Fibre",,"transparent",,,,,787.38,17.96,,,,,,"large"
"139","912","Blank",49,3,"Fibre",,"transparent",,,,,1411.55,22.58,,,,,,"large"
"140","912","C",37,,,,,,,,,,,,,,,"Nothing found",
"141","913","A",38,2,"Paint",,"blue",,,,,,,,,,"paint from boat?",,
"142","913","A",38,2,"Paint",,"blue",,,,,,,,,,"paint from boat?",,
"143","913","A",38,1,"Fibre",,"red",,,,"light",1178.13,26.08,,,,,,"large"
"144","913","A",38,3,"Paint",,"red",,,,,300.98,145.6,45539.28,"1037.84",,,,"medium"
"145","913","A",38,0,"Fibre",,"transparent","blue",,,"sectioned",476.25,10.49,,,,,"often observed","large"
"146","913","B",39,1,"Fibre",,"blue",,,,,923.74,12.27,,,,,,"large"
"147","913","B",39,0,"Fragment",,"purple",,,,,221.37,27.44,8748.33,"527.19",,,"Looks like glas/crystal","medium"
"148","913","Blank",41,0,"Fibre",,"red",,,,,728.74,20.47,,,,,,"large"
"149","913","Blank",41,1,"Fibre",,"transparent",,,,,719.13,18.47,,,,,,"large"
"150","913","C",40,0,"Fibre",,"transparent","blue",,,"sectioned",718.48,11.8,,,,,"often observed","large"
"151","914","A",42,5,"Fragment",,"purple",,,,"light",200.99,65.93,6945.58,"578.54",,,,"medium"
"152","914","A",42,7,"Fragment",,"purple",,,,"light",274.22,28.83,10092.94,"691.55",,,,"medium"
"153","914","A",42,8,"Fibre",,"purple",,,,,1412.59,7.42,,,,,,"large"
"154","914","A",42,0,"Fragment",,"purple",,,,,206.49,68.69,13863.66,"539.4",,,"Looks like glas/crystal","medium"
"155","914","A",42,1,"Fragment",,"purple",,,,,252.69,102.88,26127.66,"669.79",,,"Looks like glas/crystal","medium"
"156","914","A",42,6,"Fibre",,"red",,,,"light",2510.15,9.41,,,,,,"large"
"157","914","A",42,2,"Fibre",,"transparent","blue",,,"sectioned",2654.19,18.25,,,,,"often observed","large"
"158","914","A",42,3,"Fibre",,"transparent","blue",,,"sectioned",1155.74,14.6,,,,,"often observed","large"
"159","914","A",42,4,"Fibre",,"transparent","blue",,,"sectioned",1905.98,23.39,,,,,"often observed","large"
"160","914","B",43,5,"Fragment",,"black","transparent",,,"sectioned",156.81,84.02,13783.18,"610.13",,,"Looks like rubber/often observed","medium"
"161","914","B",43,4,"Fibre",,"black",,,,,1663.17,12.08,,,,,,"large"
"162","914","B",43,6,"Fibre",,"brown",,,,,779.35,13,,,,,,"large"
"163","914","B",43,7,"Fibre",,"purple",,,,"light",590.72,37.82,,,,,,"large"
"164","914","B",43,2,"Fibre",,"red",,,,,7042.66,18.24,,,,,,"large"
"165","914","B",43,3,"Fibre",,"transparent","blue",,,"sectioned",873.02,22.66,,,,,"often observed","large"
"166","914","Blank",45,4,"Fibre",,"brown",,,,"light",1136.2,4.22,,,,,"Same as 1 and 3","large"
"167","914","Blank",45,5,"Fibre",,"brown",,,,"light",1067.04,4.68,,,,,"Same as 1,3 and 4","large"
"168","914","Blank",45,1,"Fibre",,"brown",,,,"light",1877.33,5.85,,,,,"This would have not been detected on a normal filter","large"
"169","914","Blank",45,3,"Fibre",,"brown",,,,"light",769.08,4.85,,,,,,"large"
"170","914","Blank",45,2,"Fibre",,"transparent","blue",,,"sectioned",1044.96,11.61,,,,,"often observed","large"
"171","914","Blank",45,0,"Fibre",,"transparent",,,,,2922.02,40.36,,,,,"This would have not been detected on a normal filter","large"
"172","914","C",44,5,"Fragment",,"black","transparent",,,"sectioned",626.56,103.28,181437.06,"2659.71",,,"Looks like rubber/often observed","large"
"173","914","C",44,8,"Fragment",,"black","transparent",,,"sectioned",360.33,52.26,26159.81,"1041.55",,,"Looks like rubber/often observed","large"
"174","914","C",44,14,"Fibre",,"blue",,,,,1020.71,22.42,,,,,,"large"
"175","914","C",44,0,"Fibre",,"green",,,,"light",2535.49,544.59,,,,"Piece of rope?",,"large"
"176","914","C",44,5,"Fibre",,"red",,,,,3440.73,11.1,,,,,,"large"
"177","914","C",44,7,"Fibre",,"red",,,,,2106.02,17.9,,,,,,"large"
"178","914","C",44,13,"Fibre",,"red",,,,,1404.27,18.25,,,,,,"large"
"179","914","C",44,1,"Fibre",,"transparent","blue",,,"sectioned",636.51,11.1,,,,,"often observed","large"
"180","914","C",44,2,"Fibre",,"transparent","blue",,,"sectioned",1272.33,11.54,,,,,"often observed","large"
"181","914","C",44,3,"Fibre",,"transparent","blue",,,"sectioned",2012.1,7.73,,,,,"often observed","large"
"182","914","C",44,6,"Fibre",,"transparent","blue",,,"sectioned",3697.98,16.32,,,,,"often observed","large"
"183","914","C",44,9,"Fibre",,"transparent","blue",,,"sectioned",443.98,8.46,,,,,"often observed","large"
"184","914","C",44,9,"Fibre",,"transparent","blue",,,"sectioned",354.15,5.47,,,,,"often observed","large"
"185","914","C",44,10,"Fibre",,"transparent","blue",,,"sectioned",1658.63,15.46,,,,,"often observed","large"
"186","914","C",44,11,"Fibre",,"transparent","blue",,,"sectioned",2133.63,19.05,,,,,"often observed","large"
"187","914","C",44,12,"Fibre",,"transparent","blue",,,"sectioned",3924.31,13.6,,,,,"often observed","large"
"188","915","A",46,3,"Fragment",,"black","transparent",,,"sectioned",367.39,83.88,39800.94,"958.55",,,"Looks like rubber/often observed","large"
"189","915","A",46,,"Fibre",,"blue",,,,,1799.74,27.79,,,,,"Looks like propper plastic","large"
"190","915","A",46,1,"Fibre",,"blue",,,,,259.19,16.64,,,,,"Looks like propper plastic","medium"
"191","915","A",46,3,"Fibre",,"red",,,,,2384.73,11.77,,,,,,"large"
"192","915","A",46,2,"Fibre",,"transparent",,,,,858.49,19.6,,,,,,"large"
"193","915","B",47,,"Fibre",,"black",,,,,356.74,8.87,,,,,,"large"
"194","915","B",47,1,"Fibre",,"black",,,,,1647.49,6.84,,,,,,"large"
"195","915","B",47,2,"Fibre",,"blue",,,,,437.12,12.74,,,,,,"large"
"196","915","Blank",51,,,,,,,,,,,,,,,"Nothing found",
"197","915","Blank sea",50,0,"Fibre",,"transparent",,,,,3580.68,7.12,,,,,"NB: St 915-917 blank was filtered on filter paper right after sampling without processing it any further.","large"
"198","915","C",48,1,"Fibre",,"black",,,,,440.23,8.5,,,,,,"large"
"199","915","C",48,3,"Fibre",,"black",,,,,555.06,13.27,,,,,,"large"
"200","915","C",48,4,"Fibre",,"black",,,,,5357.72,8.94,,,,,,"large"
"201","915","C",48,6,"Fibre",,"black",,,,,644.34,12.16,,,,,,"large"
"202","915","C",48,5,"Fibre",,"blue","transparent",,,"sectioned",1074.05,8.94,,,,,"often observed","large"
"203","915","C",48,2,"Fibre",,"blue",,,,,659.79,16.31,,,,,,"large"
"204","915","C",48,7,"Fibre",,"blue",,,,,392.89,19.33,,,,,,"large"
"205","915","C",48,,"Fibre",,"transparent",,,,,1168.34,16.23,,,,,,"large"
"206","916","A",52,,"Fibre",,"brown",,,,,925.11,9.69,,,,,,"large"
"207","916","A",52,1,"Fibre",,"purple",,,,,584.53,13.21,,,,,,"large"
"208","916","B",53,,,,,,,,,,,,,,,"Nothing found",
"209","916","Blank",56,,,,,,,,,,,,,,,"Nothing found",
"210","916","Blank sea",55,0,"Fibre",,"transparent",,,,,1666.34,9.53,,,,,"NB: St 915-917 blank was filtered on filter paper right after sampling without processing it any further.","large"
"211","916","Blank sea",55,2,"Fibre",,"transparent",,,,,656.09,16.93,,,,,,"large"
"212","916","C",54,1,"Fibre",,"black",,,,,774.67,9.92,,,,,,"large"
"213","916","C",54,2,"Fragment",,"white",,,,,323.6,126.3,44284.11,"922.45",,,,"medium"
"214","917","A",57,,,,,,,,,,,,,,,"sample lost",
"215","917","B",58,,,,,,,,,,,,,,,"impossible to see thourgh",
"216","917","Blank",60,,,,,,,,,,,,,,,"Nothing found",
"217","917","Blank sea",61,1,"Fibre",,"green",,,,"light",826.69,20.09,,,,,"NB: St 915-917 blank was filtered on filter paper right after sampling without processing it any further.","large"
"218","917","Blank sea",61,,"Fibre",,"purple",,,,,186.87,9.02,,,,,"NB: St 915-917 blank was filtered on filter paper right after sampling without processing it any further.","medium"
"219","917","C",59,,,,,,,,,,,,,,,"impossible to see thourgh",
"220","918","A",67,,"Fibre",,"black",,,,,2042.58,7.38,,,,,"Looks like propper plastic","large"
"221","918","A",67,5,"Fibre",,"black",,,,,211.92,8.28,,,,,,"medium"
"222","918","A",67,1,"Paint",,"blue",,,,,264.56,284.49,63380.45,"948.92",,"paint from boat?",,"medium"
"223","918","A",67,3,"Paint",,"blue",,,,,122.87,79.94,10530.51,"425.75",,"paint from boat?",,"medium"
"224","918","A",67,4,"Fibre",,"orange",,,,,583.84,21.59,,,,,,"large"
"225","918","A",67,2,"Fibre",,"transparent","blue",,,"sectioned",1219.91,17.01,,,,,"often observed","large"
"226","918","B",68,,"Fibre",,"black",,,,,1400.88,10.54,,,,,,"large"
"227","918","B",68,1,"Fibre",,"blue",,,,"light",246.6,55.45,13601.35,"629.64",,,"often observed","medium"
"228","918","Blank sea",62,1,"Fibre",,"blue",,,,,61.85,8.52,,,,,,"small"
"229","918","Blank sea",62,2,"Fibre",,"transparent","blue",,,"sectioned",394.4,28.83,,,,,"often observed","large"
"230","918","Blank sea",62,,"Fibre",,"transparent",,,,,731.51,9.8,,,,,,"large"
"231","918","C",69,1,"Fibre",,"black",,,,,659.23,12.1,,,,,"Looks like propper plastic","large"
"232","918","C",69,,"Fibre",,"blue",,,,"light",1734.02,6.7,,,,,"often observed","large"
"233","918","C",69,2,"Fibre",,"blue",,,,"light",1861.01,80.4,,,,,"often observed","large"
"234","918","C",69,2,"Fibre",,"blue",,,,"light",339.94,11.06,,,,,"often observed","medium"
"235","918","C",69,2,"Fibre",,"blue",,,,"light",1292.65,23.85,,,,,"often observed","large"
"236","918","C",69,4,"Fibre",,"blue",,,,"light",1263.32,26.41,,,,,"often observed","large"
"237","918","C",69,6,"Fibre",,"blue",,,,"light",794.72,29.5,,,,"piece of rope?",,"large"
"238","918","C",69,7,"Fibre",,"blue",,,,"light",2845.99,86.86,,,,"piece of rope?",,"large"
"239","918","C",69,8,"Fibre",,"blue",,,,"light",565.06,42.02,,,,"piece of rope?",,"large"
"240","918","C",69,8,"Fibre",,"blue",,,,"light",310.62,46.29,,,,"piece of rope?",,"medium"
"241","918","C",69,5,"Fibre",,"brown",,,,"light",2435.76,3.69,,,,,,"large"
"242","918","C",69,3,"Fragment",,"green",,,,"light",325.24,181.41,51923.5,"904.93",,"Piece of rope?",,"medium"
"243","919","A",70,9,"Fibre",,"black",,,,,1753.45,8.2,,,,,"Looks like propper plastic","large"
"244","919","A",70,8,"Fibre",,"black",,,,,1204.7,8.2,,,,,"Looks like propper plastic","large"
"245","919","A",70,10,"Fibre",,"black",,,,,1274.99,14.64,,,,,"Looks like propper plastic","large"
"246","919","A",70,5,"Fragment",,"blue",,,,"light",130.51,100.32,13747.48,"496.52",,,"often in samples/not plastic?/contamination?","medium"
"247","919","A",70,7,"Fragment",,"blue",,,,"light",128.96,355.73,37313.16,"919.43",,,"often in samples/not plastic?/contamination?","medium"
"248","919","A",70,2,"Fibre",,"blue",,,,,768.99,9.17,,,,,,"large"
"249","919","A",70,4,"Fibre",,"grey",,,,,2997.66,18.63,,,,,"natural?","large"
"250","919","A",70,,"Paint",,"orange",,,,,129.95,118.36,9572.82,"368.84",,"paint from boat?",,"medium"
"251","919","B",71,5,"Fibre",,"black",,,,,927.57,20.38,,,,,,"large"
"252","919","B",71,3,"Fibre",,"blue",,,,"light",691.11,129.78,114407.06,"1782.34",,,"often observed","large"
"253","919","B",71,,"Fragment",,"blue",,,,"light",146.65,56.48,9315.24,"421.38",,,"often in samples/not plastic?/contamination?","medium"
"254","919","B",71,4,"Fragment",,"blue",,,,"light",780.03,501.19,260712.88,"2272.93",,,"often in samples/not plastic?/contamination?","large"
"255","919","B",71,6,"Fragment",,"blue",,,,"light",151.86,124.62,17495.78,"526.93",,,"often in samples/not plastic?/contamination?","medium"
"256","919","B",71,2,"Fibre",,"green",,,,"light",550.18,11.91,,,,"Piece of rope?",,"large"
"257","919","Blank sea",63,3,"Fibre",,"black",,,,,246.53,6.43,,,,,,"medium"
"258","919","Blank sea",63,4,"Fibre",,"black",,,,,1887.75,11.96,,,,,,"large"
"259","919","Blank sea",63,5,"Fibre",,"black",,,,,1035.18,12.92,,,,,,"large"
"260","919","Blank sea",63,1,"Fibre",,"red",,,,,400.25,8.46,,,,,,"large"
"261","919","Blank sea",63,2,"Fibre",,"transparent",,,,,1813.05,6.46,,,,,,"large"
"262","919","Blank sea",63,7,"Fibre",,"transparent",,,,,2495.89,18.44,,,,,,"large"
"263","919","Blank sea",63,8,"Fibre",,"transparent",,,,,1257.52,15.33,,,,,,"large"
"264","919","C",72,,"Fibre",,"transparent","blue",,,"sectioned",818.12,13.8,,,,,"often observed","large"
"265","919","C",72,,"Fibre",,"transparent","blue",,,"sectioned",921.9,13.92,,,,,"often observed","large"
"266","919","C",72,1,"Fibre",,"white",,,,,4127.52,48.87,,,,,"bone?","large"
"267","920","A",73,,,,,,,,,,,,,,,"Nothing found",
"268","920","B",74,,,,,,,,,,,,,,,"Nothing found",
"269","920","Blank sea",64,1,"Fibre",,"black",,,,,2071.61,13.08,,,,,,"large"
"270","920","Blank sea",64,,"Fibre",,"transparent",,,,,915.69,15.46,,,,,,"large"
"271","920","C",75,,"Fibre",,"black",,,,,2435.77,9.91,,,,,,"large"
"272","920","C",75,1,"Fibre",,"grey",,,,,1992.67,17.01,,,,,"natural?","large"
"273","921","A",76,1,"Fibre",,"black",,,,,186.78,7.33,,,,,"natural?","medium"
"274","921","A",76,,"Fibre",,"black",,,,,729.94,36.96,,,,,,"large"
"275","921","B",77,1,"Fibre",,"blue",,,,"light",3079.43,56.61,,,,,"often observed","large"
"276","921","B",77,2,"Fibre",,"blue",,,,"light",364.44,75.89,,,,,"often observed","large"
"277","921","B",77,3,"Fibre",,"blue",,,,"light",445.69,39.82,,,,,"often observed","large"
"278","921","Blank sea",65,,"Fibre",,"transparent",,,,,2302.67,19.27,,,,,,"large"
"279","921","C",78,1,"Fibre",,"blue",,,,"light",2820.29,23.98,,,,,"often observed","large"
"280","921","C",78,,"Fibre",,"grey",,,,,1450.71,13.75,,,,,,"large"
"281","922","A",79,1,"Fibre",,"black",,,,,331,15.17,,,,,,"medium"
"282","922","A",79,2,"Fibre",,"blue",,,,"light",393.44,36.66,,,,,"often observed","large"
"283","922","A",79,4,"Fragment",,"blue",,,,"light",287.3,158.54,46121.39,"928.22",,,"often in samples/not plastic?/contamination?","medium"
"284","922","A",79,6,"Fragment",,"blue",,,,"light",418.77,174.98,57254.96,"1043.56",,,"often in samples/not plastic?/contamination?","large"
"285","922","A",79,8,"Fibre",,"grey",,,,,2325.67,18.65,,,,,,"large"
"286","922","B",80,2,"Fibre",,"black",,,,,1102.57,8.24,,,,,,"large"
"287","922","B",80,,"Fragment",,"blue",,,,"light",108.74,44.56,5601.56,"313.49",,,"often in samples/not plastic?/contamination?","medium"
"288","922","B",80,3,"Fragment",,"blue",,,,,323.66,191.44,61344.87,"1025.17",,,,"medium"
"289","922","B",80,4,"Fibre",,"brown",,,,,1451.64,12.84,,,,,,"large"
"290","922","B",80,1,"Fibre",,"grey",,,,,1992.85,12.84,,,,,"natural?","large"
"291","922","Blank sea",67,,,,,,,,,,,,,,,"Nothing found",
"292","922","C",81,1,"Fibre",,"black",,,,,593.54,58.38,,,,,,"large"
"293","922","C",81,,"Fibre",,"black",,,,,1304.69,16.93,,,,,,"large"
"294","922","C",81,5,"Fibre",,"blue",,,,,798.01,49.74,,,,"piece of rope?",,"large"
"295","922","C",81,1,"Paint",,"blue",,,,,297.37,158.42,45751.43,"912.98",,"paint from boat?",,"medium"
"296","922","C",81,3,"Paint",,"blue",,,,,226.13,162.72,29248.8,"662.75",,"paint from boat?",,"medium"
"297","922","C",81,2,"Fibre",,"grey",,,,,1078.12,18.45,,,,,"natural?","large"
"298","922","C",81,4,"Fibre",,"grey",,,,,4411.12,18.61,,".",,,"natural?","large"
"299","910","blank",34,,,,,,,,,,,,,,,"nothing found",
"300","911","blank",34,,,,,,,,,,,,,,,"nothing found",
"301","918","Blank",66,2,"Fibre",,"black",,,,,143.26,18,,,,,,"medium"
"302","919","Blank",66,2,"Fibre",,"black",,,,,143.26,18,,,,,,"medium"
"303","920","Blank",66,2,"Fibre",,"black",,,,,143.26,18,,,,,,"medium"
"304","921","Blank",68,,,,,,,,,,,,,,,"Nothing found",
"305","922","Blank",68,,,,,,,,,,,,,,,"Nothing found",
"306",,"Blank",0,0,"Fibre",,"black",,,,,823.15,10.31,,,,,"Blank from the clean bench","large"
